puesto,tema,popularidad,danceability,energy,id,preview
1,Los del Espacio,86,4,3,1Hs1uUl8o2VtDp1DABFq0O,https://p.scdn.co/mp3-preview/5bbdd15509b10d1b62cf5aa43500255754e2096b?cid=0b297fa8a249464ba34f5861d4140e58
2,Un Finde,90,1,1,3tiJUOfAEqIrLFRQgGgdoY,https://p.scdn.co/mp3-preview/38b8f2c063a896c568b9741dcd6e194be0a0376b?cid=0b297fa8a249464ba34f5861d4140e58
3,Bzrp MS Vol. 55,94,4,3,5AqiaZwhmC6dIbgWrD5SzV,https://p.scdn.co/mp3-preview/9d61998a29c2e8b52a7d46885352f5507eb219e2?cid=0b297fa8a249464ba34f5861d4140e58
4,La Bebe (Remix),99,4,1,2UW7JaomAMuX9pZrjVpHAU,https://p.scdn.co/mp3-preview/57c5d5266219b32d455ed22417155bbabde7170f?cid=0b297fa8a249464ba34f5861d4140e58
5,Me Enteré,85,2,3,5FWQLEX0lavdxiWGBNkBQ4,https://p.scdn.co/mp3-preview/3b35fc107fae23e8d7f7fc25daa984b73138247e?cid=0b297fa8a249464ba34f5861d4140e58
6,Pobre Corazón,85,1,4,1AX4aybSRyXHWrjg27wTFE,https://p.scdn.co/mp3-preview/c2937d1f23e8a7671fc6e636535453dfd8073a8e?cid=0b297fa8a249464ba34f5861d4140e58
7,No_se_ve.mp3,84,3,3,2iIBpwP4FyQ95xgVail3yr,https://p.scdn.co/mp3-preview/3bca60d71ee79d31a0f2bf4ca4adf5c70a4c909c?cid=0b297fa8a249464ba34f5861d4140e58
8,Ella Baila Sola,93,3,4,3qQbCzHBycnDpGskqOWY0E,https://p.scdn.co/mp3-preview/5d39f3e17f1e20e2711d033001e48b8d4249b992?cid=0b297fa8a249464ba34f5861d4140e58
9,ADIÓS,84,3,4,2bNCiY24Eh4saMcc23bvUN,https://p.scdn.co/mp3-preview/9f66b46a88fc763219226551c1736104328274da?cid=0b297fa8a249464ba34f5861d4140e58
10,M.A (Remix),85,2,4,7JB29gnUowzSGRdIpeVqRQ,https://p.scdn.co/mp3-preview/2601dfb82ff32c753c08aaecef5b4f945781c721?cid=0b297fa8a249464ba34f5861d4140e58